{"loss": [1.2614251375198364, 0.8877537250518799, 0.8062434792518616, 0.7535722255706787, 0.722228467464447], "accuracy": [0.707709789276123, 0.8362841010093689, 0.8650955557823181, 0.8829168677330017, 0.89190274477005], "val_loss": [0.9673693180084229, 0.9287806749343872, 0.8858662247657776, 0.7755030989646912, 0.6956155896186829], "val_accuracy": [0.8026999831199646, 0.8216999769210815, 0.8434000015258789, 0.875, 0.901199996471405]}